date,year,quarter,month_num,month_name,year_month,day,day_of_week,is_weekend
2016-09-04,2016,Q3,9,September,2016-09,4,Sunday,True
2016-09-05,2016,Q3,9,September,2016-09,5,Monday,False
2016-09-06,2016,Q3,9,September,2016-09,6,Tuesday,False
2016-09-07,2016,Q3,9,September,2016-09,7,Wednesday,False
2016-09-08,2016,Q3,9,September,2016-09,8,Thursday,False
2016-09-09,2016,Q3,9,September,2016-09,9,Friday,False
2016-09-10,2016,Q3,9,September,2016-09,10,Saturday,True
2016-09-11,2016,Q3,9,September,2016-09,11,Sunday,True
2016-09-12,2016,Q3,9,September,2016-09,12,Monday,False
2016-09-13,2016,Q3,9,September,2016-09,13,Tuesday,False
2016-09-14,2016,Q3,9,September,2016-09,14,Wednesday,False
2016-09-15,2016,Q3,9,September,2016-09,15,Thursday,False
2016-09-16,2016,Q3,9,September,2016-09,16,Friday,False
2016-09-17,2016,Q3,9,September,2016-09,17,Saturday,True
2016-09-18,2016,Q3,9,September,2016-09,18,Sunday,True
2016-09-19,2016,Q3,9,September,2016-09,19,Monday,False
2016-09-20,2016,Q3,9,September,2016-09,20,Tuesday,False
2016-09-21,2016,Q3,9,September,2016-09,21,Wednesday,False
2016-09-22,2016,Q3,9,September,2016-09,22,Thursday,False
2016-09-23,2016,Q3,9,September,2016-09,23,Friday,False
2016-09-24,2016,Q3,9,September,2016-09,24,Saturday,True
2016-09-25,2016,Q3,9,September,2016-09,25,Sunday,True
2016-09-26,2016,Q3,9,September,2016-09,26,Monday,False
2016-09-27,2016,Q3,9,September,2016-09,27,Tuesday,False
2016-09-28,2016,Q3,9,September,2016-09,28,Wednesday,False
2016-09-29,2016,Q3,9,September,2016-09,29,Thursday,False
2016-09-30,2016,Q3,9,September,2016-09,30,Friday,False
2016-10-01,2016,Q4,10,October,2016-10,1,Saturday,True
2016-10-02,2016,Q4,10,October,2016-10,2,Sunday,True
2016-10-03,2016,Q4,10,October,2016-10,3,Monday,False
2016-10-04,2016,Q4,10,October,2016-10,4,Tuesday,False
2016-10-05,2016,Q4,10,October,2016-10,5,Wednesday,False
2016-10-06,2016,Q4,10,October,2016-10,6,Thursday,False
2016-10-07,2016,Q4,10,October,2016-10,7,Friday,False
2016-10-08,2016,Q4,10,October,2016-10,8,Saturday,True
2016-10-09,2016,Q4,10,October,2016-10,9,Sunday,True
2016-10-10,2016,Q4,10,October,2016-10,10,Monday,False
2016-10-11,2016,Q4,10,October,2016-10,11,Tuesday,False
2016-10-12,2016,Q4,10,October,2016-10,12,Wednesday,False
2016-10-13,2016,Q4,10,October,2016-10,13,Thursday,False
2016-10-14,2016,Q4,10,October,2016-10,14,Friday,False
2016-10-15,2016,Q4,10,October,2016-10,15,Saturday,True
2016-10-16,2016,Q4,10,October,2016-10,16,Sunday,True
2016-10-17,2016,Q4,10,October,2016-10,17,Monday,False
2016-10-18,2016,Q4,10,October,2016-10,18,Tuesday,False
2016-10-19,2016,Q4,10,October,2016-10,19,Wednesday,False
2016-10-20,2016,Q4,10,October,2016-10,20,Thursday,False
2016-10-21,2016,Q4,10,October,2016-10,21,Friday,False
2016-10-22,2016,Q4,10,October,2016-10,22,Saturday,True
2016-10-23,2016,Q4,10,October,2016-10,23,Sunday,True
2016-10-24,2016,Q4,10,October,2016-10,24,Monday,False
2016-10-25,2016,Q4,10,October,2016-10,25,Tuesday,False
2016-10-26,2016,Q4,10,October,2016-10,26,Wednesday,False
2016-10-27,2016,Q4,10,October,2016-10,27,Thursday,False
2016-10-28,2016,Q4,10,October,2016-10,28,Friday,False
2016-10-29,2016,Q4,10,October,2016-10,29,Saturday,True
2016-10-30,2016,Q4,10,October,2016-10,30,Sunday,True
2016-10-31,2016,Q4,10,October,2016-10,31,Monday,False
2016-11-01,2016,Q4,11,November,2016-11,1,Tuesday,False
2016-11-02,2016,Q4,11,November,2016-11,2,Wednesday,False
2016-11-03,2016,Q4,11,November,2016-11,3,Thursday,False
2016-11-04,2016,Q4,11,November,2016-11,4,Friday,False
2016-11-05,2016,Q4,11,November,2016-11,5,Saturday,True
2016-11-06,2016,Q4,11,November,2016-11,6,Sunday,True
2016-11-07,2016,Q4,11,November,2016-11,7,Monday,False
2016-11-08,2016,Q4,11,November,2016-11,8,Tuesday,False
2016-11-09,2016,Q4,11,November,2016-11,9,Wednesday,False
2016-11-10,2016,Q4,11,November,2016-11,10,Thursday,False
2016-11-11,2016,Q4,11,November,2016-11,11,Friday,False
2016-11-12,2016,Q4,11,November,2016-11,12,Saturday,True
2016-11-13,2016,Q4,11,November,2016-11,13,Sunday,True
2016-11-14,2016,Q4,11,November,2016-11,14,Monday,False
2016-11-15,2016,Q4,11,November,2016-11,15,Tuesday,False
2016-11-16,2016,Q4,11,November,2016-11,16,Wednesday,False
2016-11-17,2016,Q4,11,November,2016-11,17,Thursday,False
2016-11-18,2016,Q4,11,November,2016-11,18,Friday,False
2016-11-19,2016,Q4,11,November,2016-11,19,Saturday,True
2016-11-20,2016,Q4,11,November,2016-11,20,Sunday,True
2016-11-21,2016,Q4,11,November,2016-11,21,Monday,False
2016-11-22,2016,Q4,11,November,2016-11,22,Tuesday,False
2016-11-23,2016,Q4,11,November,2016-11,23,Wednesday,False
2016-11-24,2016,Q4,11,November,2016-11,24,Thursday,False
2016-11-25,2016,Q4,11,November,2016-11,25,Friday,False
2016-11-26,2016,Q4,11,November,2016-11,26,Saturday,True
2016-11-27,2016,Q4,11,November,2016-11,27,Sunday,True
2016-11-28,2016,Q4,11,November,2016-11,28,Monday,False
2016-11-29,2016,Q4,11,November,2016-11,29,Tuesday,False
2016-11-30,2016,Q4,11,November,2016-11,30,Wednesday,False
2016-12-01,2016,Q4,12,December,2016-12,1,Thursday,False
2016-12-02,2016,Q4,12,December,2016-12,2,Friday,False
2016-12-03,2016,Q4,12,December,2016-12,3,Saturday,True
2016-12-04,2016,Q4,12,December,2016-12,4,Sunday,True
2016-12-05,2016,Q4,12,December,2016-12,5,Monday,False
2016-12-06,2016,Q4,12,December,2016-12,6,Tuesday,False
2016-12-07,2016,Q4,12,December,2016-12,7,Wednesday,False
2016-12-08,2016,Q4,12,December,2016-12,8,Thursday,False
2016-12-09,2016,Q4,12,December,2016-12,9,Friday,False
2016-12-10,2016,Q4,12,December,2016-12,10,Saturday,True
2016-12-11,2016,Q4,12,December,2016-12,11,Sunday,True
2016-12-12,2016,Q4,12,December,2016-12,12,Monday,False
2016-12-13,2016,Q4,12,December,2016-12,13,Tuesday,False
2016-12-14,2016,Q4,12,December,2016-12,14,Wednesday,False
2016-12-15,2016,Q4,12,December,2016-12,15,Thursday,False
2016-12-16,2016,Q4,12,December,2016-12,16,Friday,False
2016-12-17,2016,Q4,12,December,2016-12,17,Saturday,True
2016-12-18,2016,Q4,12,December,2016-12,18,Sunday,True
2016-12-19,2016,Q4,12,December,2016-12,19,Monday,False
2016-12-20,2016,Q4,12,December,2016-12,20,Tuesday,False
2016-12-21,2016,Q4,12,December,2016-12,21,Wednesday,False
2016-12-22,2016,Q4,12,December,2016-12,22,Thursday,False
2016-12-23,2016,Q4,12,December,2016-12,23,Friday,False
2016-12-24,2016,Q4,12,December,2016-12,24,Saturday,True
2016-12-25,2016,Q4,12,December,2016-12,25,Sunday,True
2016-12-26,2016,Q4,12,December,2016-12,26,Monday,False
2016-12-27,2016,Q4,12,December,2016-12,27,Tuesday,False
2016-12-28,2016,Q4,12,December,2016-12,28,Wednesday,False
2016-12-29,2016,Q4,12,December,2016-12,29,Thursday,False
2016-12-30,2016,Q4,12,December,2016-12,30,Friday,False
2016-12-31,2016,Q4,12,December,2016-12,31,Saturday,True
2017-01-01,2017,Q1,1,January,2017-01,1,Sunday,True
2017-01-02,2017,Q1,1,January,2017-01,2,Monday,False
2017-01-03,2017,Q1,1,January,2017-01,3,Tuesday,False
2017-01-04,2017,Q1,1,January,2017-01,4,Wednesday,False
2017-01-05,2017,Q1,1,January,2017-01,5,Thursday,False
2017-01-06,2017,Q1,1,January,2017-01,6,Friday,False
2017-01-07,2017,Q1,1,January,2017-01,7,Saturday,True
2017-01-08,2017,Q1,1,January,2017-01,8,Sunday,True
2017-01-09,2017,Q1,1,January,2017-01,9,Monday,False
2017-01-10,2017,Q1,1,January,2017-01,10,Tuesday,False
2017-01-11,2017,Q1,1,January,2017-01,11,Wednesday,False
2017-01-12,2017,Q1,1,January,2017-01,12,Thursday,False
2017-01-13,2017,Q1,1,January,2017-01,13,Friday,False
2017-01-14,2017,Q1,1,January,2017-01,14,Saturday,True
2017-01-15,2017,Q1,1,January,2017-01,15,Sunday,True
2017-01-16,2017,Q1,1,January,2017-01,16,Monday,False
2017-01-17,2017,Q1,1,January,2017-01,17,Tuesday,False
2017-01-18,2017,Q1,1,January,2017-01,18,Wednesday,False
2017-01-19,2017,Q1,1,January,2017-01,19,Thursday,False
2017-01-20,2017,Q1,1,January,2017-01,20,Friday,False
2017-01-21,2017,Q1,1,January,2017-01,21,Saturday,True
2017-01-22,2017,Q1,1,January,2017-01,22,Sunday,True
2017-01-23,2017,Q1,1,January,2017-01,23,Monday,False
2017-01-24,2017,Q1,1,January,2017-01,24,Tuesday,False
2017-01-25,2017,Q1,1,January,2017-01,25,Wednesday,False
2017-01-26,2017,Q1,1,January,2017-01,26,Thursday,False
2017-01-27,2017,Q1,1,January,2017-01,27,Friday,False
2017-01-28,2017,Q1,1,January,2017-01,28,Saturday,True
2017-01-29,2017,Q1,1,January,2017-01,29,Sunday,True
2017-01-30,2017,Q1,1,January,2017-01,30,Monday,False
2017-01-31,2017,Q1,1,January,2017-01,31,Tuesday,False
2017-02-01,2017,Q1,2,February,2017-02,1,Wednesday,False
2017-02-02,2017,Q1,2,February,2017-02,2,Thursday,False
2017-02-03,2017,Q1,2,February,2017-02,3,Friday,False
2017-02-04,2017,Q1,2,February,2017-02,4,Saturday,True
2017-02-05,2017,Q1,2,February,2017-02,5,Sunday,True
2017-02-06,2017,Q1,2,February,2017-02,6,Monday,False
2017-02-07,2017,Q1,2,February,2017-02,7,Tuesday,False
2017-02-08,2017,Q1,2,February,2017-02,8,Wednesday,False
2017-02-09,2017,Q1,2,February,2017-02,9,Thursday,False
2017-02-10,2017,Q1,2,February,2017-02,10,Friday,False
2017-02-11,2017,Q1,2,February,2017-02,11,Saturday,True
2017-02-12,2017,Q1,2,February,2017-02,12,Sunday,True
2017-02-13,2017,Q1,2,February,2017-02,13,Monday,False
2017-02-14,2017,Q1,2,February,2017-02,14,Tuesday,False
2017-02-15,2017,Q1,2,February,2017-02,15,Wednesday,False
2017-02-16,2017,Q1,2,February,2017-02,16,Thursday,False
2017-02-17,2017,Q1,2,February,2017-02,17,Friday,False
2017-02-18,2017,Q1,2,February,2017-02,18,Saturday,True
2017-02-19,2017,Q1,2,February,2017-02,19,Sunday,True
2017-02-20,2017,Q1,2,February,2017-02,20,Monday,False
2017-02-21,2017,Q1,2,February,2017-02,21,Tuesday,False
2017-02-22,2017,Q1,2,February,2017-02,22,Wednesday,False
2017-02-23,2017,Q1,2,February,2017-02,23,Thursday,False
2017-02-24,2017,Q1,2,February,2017-02,24,Friday,False
2017-02-25,2017,Q1,2,February,2017-02,25,Saturday,True
2017-02-26,2017,Q1,2,February,2017-02,26,Sunday,True
2017-02-27,2017,Q1,2,February,2017-02,27,Monday,False
2017-02-28,2017,Q1,2,February,2017-02,28,Tuesday,False
2017-03-01,2017,Q1,3,March,2017-03,1,Wednesday,False
2017-03-02,2017,Q1,3,March,2017-03,2,Thursday,False
2017-03-03,2017,Q1,3,March,2017-03,3,Friday,False
2017-03-04,2017,Q1,3,March,2017-03,4,Saturday,True
2017-03-05,2017,Q1,3,March,2017-03,5,Sunday,True
2017-03-06,2017,Q1,3,March,2017-03,6,Monday,False
2017-03-07,2017,Q1,3,March,2017-03,7,Tuesday,False
2017-03-08,2017,Q1,3,March,2017-03,8,Wednesday,False
2017-03-09,2017,Q1,3,March,2017-03,9,Thursday,False
2017-03-10,2017,Q1,3,March,2017-03,10,Friday,False
2017-03-11,2017,Q1,3,March,2017-03,11,Saturday,True
2017-03-12,2017,Q1,3,March,2017-03,12,Sunday,True
2017-03-13,2017,Q1,3,March,2017-03,13,Monday,False
2017-03-14,2017,Q1,3,March,2017-03,14,Tuesday,False
2017-03-15,2017,Q1,3,March,2017-03,15,Wednesday,False
2017-03-16,2017,Q1,3,March,2017-03,16,Thursday,False
2017-03-17,2017,Q1,3,March,2017-03,17,Friday,False
2017-03-18,2017,Q1,3,March,2017-03,18,Saturday,True
2017-03-19,2017,Q1,3,March,2017-03,19,Sunday,True
2017-03-20,2017,Q1,3,March,2017-03,20,Monday,False
2017-03-21,2017,Q1,3,March,2017-03,21,Tuesday,False
2017-03-22,2017,Q1,3,March,2017-03,22,Wednesday,False
2017-03-23,2017,Q1,3,March,2017-03,23,Thursday,False
2017-03-24,2017,Q1,3,March,2017-03,24,Friday,False
2017-03-25,2017,Q1,3,March,2017-03,25,Saturday,True
2017-03-26,2017,Q1,3,March,2017-03,26,Sunday,True
2017-03-27,2017,Q1,3,March,2017-03,27,Monday,False
2017-03-28,2017,Q1,3,March,2017-03,28,Tuesday,False
2017-03-29,2017,Q1,3,March,2017-03,29,Wednesday,False
2017-03-30,2017,Q1,3,March,2017-03,30,Thursday,False
2017-03-31,2017,Q1,3,March,2017-03,31,Friday,False
2017-04-01,2017,Q2,4,April,2017-04,1,Saturday,True
2017-04-02,2017,Q2,4,April,2017-04,2,Sunday,True
2017-04-03,2017,Q2,4,April,2017-04,3,Monday,False
2017-04-04,2017,Q2,4,April,2017-04,4,Tuesday,False
2017-04-05,2017,Q2,4,April,2017-04,5,Wednesday,False
2017-04-06,2017,Q2,4,April,2017-04,6,Thursday,False
2017-04-07,2017,Q2,4,April,2017-04,7,Friday,False
2017-04-08,2017,Q2,4,April,2017-04,8,Saturday,True
2017-04-09,2017,Q2,4,April,2017-04,9,Sunday,True
2017-04-10,2017,Q2,4,April,2017-04,10,Monday,False
2017-04-11,2017,Q2,4,April,2017-04,11,Tuesday,False
2017-04-12,2017,Q2,4,April,2017-04,12,Wednesday,False
2017-04-13,2017,Q2,4,April,2017-04,13,Thursday,False
2017-04-14,2017,Q2,4,April,2017-04,14,Friday,False
2017-04-15,2017,Q2,4,April,2017-04,15,Saturday,True
2017-04-16,2017,Q2,4,April,2017-04,16,Sunday,True
2017-04-17,2017,Q2,4,April,2017-04,17,Monday,False
2017-04-18,2017,Q2,4,April,2017-04,18,Tuesday,False
2017-04-19,2017,Q2,4,April,2017-04,19,Wednesday,False
2017-04-20,2017,Q2,4,April,2017-04,20,Thursday,False
2017-04-21,2017,Q2,4,April,2017-04,21,Friday,False
2017-04-22,2017,Q2,4,April,2017-04,22,Saturday,True
2017-04-23,2017,Q2,4,April,2017-04,23,Sunday,True
2017-04-24,2017,Q2,4,April,2017-04,24,Monday,False
2017-04-25,2017,Q2,4,April,2017-04,25,Tuesday,False
2017-04-26,2017,Q2,4,April,2017-04,26,Wednesday,False
2017-04-27,2017,Q2,4,April,2017-04,27,Thursday,False
2017-04-28,2017,Q2,4,April,2017-04,28,Friday,False
2017-04-29,2017,Q2,4,April,2017-04,29,Saturday,True
2017-04-30,2017,Q2,4,April,2017-04,30,Sunday,True
2017-05-01,2017,Q2,5,May,2017-05,1,Monday,False
2017-05-02,2017,Q2,5,May,2017-05,2,Tuesday,False
2017-05-03,2017,Q2,5,May,2017-05,3,Wednesday,False
2017-05-04,2017,Q2,5,May,2017-05,4,Thursday,False
2017-05-05,2017,Q2,5,May,2017-05,5,Friday,False
2017-05-06,2017,Q2,5,May,2017-05,6,Saturday,True
2017-05-07,2017,Q2,5,May,2017-05,7,Sunday,True
2017-05-08,2017,Q2,5,May,2017-05,8,Monday,False
2017-05-09,2017,Q2,5,May,2017-05,9,Tuesday,False
2017-05-10,2017,Q2,5,May,2017-05,10,Wednesday,False
2017-05-11,2017,Q2,5,May,2017-05,11,Thursday,False
2017-05-12,2017,Q2,5,May,2017-05,12,Friday,False
2017-05-13,2017,Q2,5,May,2017-05,13,Saturday,True
2017-05-14,2017,Q2,5,May,2017-05,14,Sunday,True
2017-05-15,2017,Q2,5,May,2017-05,15,Monday,False
2017-05-16,2017,Q2,5,May,2017-05,16,Tuesday,False
2017-05-17,2017,Q2,5,May,2017-05,17,Wednesday,False
2017-05-18,2017,Q2,5,May,2017-05,18,Thursday,False
2017-05-19,2017,Q2,5,May,2017-05,19,Friday,False
2017-05-20,2017,Q2,5,May,2017-05,20,Saturday,True
2017-05-21,2017,Q2,5,May,2017-05,21,Sunday,True
2017-05-22,2017,Q2,5,May,2017-05,22,Monday,False
2017-05-23,2017,Q2,5,May,2017-05,23,Tuesday,False
2017-05-24,2017,Q2,5,May,2017-05,24,Wednesday,False
2017-05-25,2017,Q2,5,May,2017-05,25,Thursday,False
2017-05-26,2017,Q2,5,May,2017-05,26,Friday,False
2017-05-27,2017,Q2,5,May,2017-05,27,Saturday,True
2017-05-28,2017,Q2,5,May,2017-05,28,Sunday,True
2017-05-29,2017,Q2,5,May,2017-05,29,Monday,False
2017-05-30,2017,Q2,5,May,2017-05,30,Tuesday,False
2017-05-31,2017,Q2,5,May,2017-05,31,Wednesday,False
2017-06-01,2017,Q2,6,June,2017-06,1,Thursday,False
2017-06-02,2017,Q2,6,June,2017-06,2,Friday,False
2017-06-03,2017,Q2,6,June,2017-06,3,Saturday,True
2017-06-04,2017,Q2,6,June,2017-06,4,Sunday,True
2017-06-05,2017,Q2,6,June,2017-06,5,Monday,False
2017-06-06,2017,Q2,6,June,2017-06,6,Tuesday,False
2017-06-07,2017,Q2,6,June,2017-06,7,Wednesday,False
2017-06-08,2017,Q2,6,June,2017-06,8,Thursday,False
2017-06-09,2017,Q2,6,June,2017-06,9,Friday,False
2017-06-10,2017,Q2,6,June,2017-06,10,Saturday,True
2017-06-11,2017,Q2,6,June,2017-06,11,Sunday,True
2017-06-12,2017,Q2,6,June,2017-06,12,Monday,False
2017-06-13,2017,Q2,6,June,2017-06,13,Tuesday,False
2017-06-14,2017,Q2,6,June,2017-06,14,Wednesday,False
2017-06-15,2017,Q2,6,June,2017-06,15,Thursday,False
2017-06-16,2017,Q2,6,June,2017-06,16,Friday,False
2017-06-17,2017,Q2,6,June,2017-06,17,Saturday,True
2017-06-18,2017,Q2,6,June,2017-06,18,Sunday,True
2017-06-19,2017,Q2,6,June,2017-06,19,Monday,False
2017-06-20,2017,Q2,6,June,2017-06,20,Tuesday,False
2017-06-21,2017,Q2,6,June,2017-06,21,Wednesday,False
2017-06-22,2017,Q2,6,June,2017-06,22,Thursday,False
2017-06-23,2017,Q2,6,June,2017-06,23,Friday,False
2017-06-24,2017,Q2,6,June,2017-06,24,Saturday,True
2017-06-25,2017,Q2,6,June,2017-06,25,Sunday,True
2017-06-26,2017,Q2,6,June,2017-06,26,Monday,False
2017-06-27,2017,Q2,6,June,2017-06,27,Tuesday,False
2017-06-28,2017,Q2,6,June,2017-06,28,Wednesday,False
2017-06-29,2017,Q2,6,June,2017-06,29,Thursday,False
2017-06-30,2017,Q2,6,June,2017-06,30,Friday,False
2017-07-01,2017,Q3,7,July,2017-07,1,Saturday,True
2017-07-02,2017,Q3,7,July,2017-07,2,Sunday,True
2017-07-03,2017,Q3,7,July,2017-07,3,Monday,False
2017-07-04,2017,Q3,7,July,2017-07,4,Tuesday,False
2017-07-05,2017,Q3,7,July,2017-07,5,Wednesday,False
2017-07-06,2017,Q3,7,July,2017-07,6,Thursday,False
2017-07-07,2017,Q3,7,July,2017-07,7,Friday,False
2017-07-08,2017,Q3,7,July,2017-07,8,Saturday,True
2017-07-09,2017,Q3,7,July,2017-07,9,Sunday,True
2017-07-10,2017,Q3,7,July,2017-07,10,Monday,False
2017-07-11,2017,Q3,7,July,2017-07,11,Tuesday,False
2017-07-12,2017,Q3,7,July,2017-07,12,Wednesday,False
2017-07-13,2017,Q3,7,July,2017-07,13,Thursday,False
2017-07-14,2017,Q3,7,July,2017-07,14,Friday,False
2017-07-15,2017,Q3,7,July,2017-07,15,Saturday,True
2017-07-16,2017,Q3,7,July,2017-07,16,Sunday,True
2017-07-17,2017,Q3,7,July,2017-07,17,Monday,False
2017-07-18,2017,Q3,7,July,2017-07,18,Tuesday,False
2017-07-19,2017,Q3,7,July,2017-07,19,Wednesday,False
2017-07-20,2017,Q3,7,July,2017-07,20,Thursday,False
2017-07-21,2017,Q3,7,July,2017-07,21,Friday,False
2017-07-22,2017,Q3,7,July,2017-07,22,Saturday,True
2017-07-23,2017,Q3,7,July,2017-07,23,Sunday,True
2017-07-24,2017,Q3,7,July,2017-07,24,Monday,False
2017-07-25,2017,Q3,7,July,2017-07,25,Tuesday,False
2017-07-26,2017,Q3,7,July,2017-07,26,Wednesday,False
2017-07-27,2017,Q3,7,July,2017-07,27,Thursday,False
2017-07-28,2017,Q3,7,July,2017-07,28,Friday,False
2017-07-29,2017,Q3,7,July,2017-07,29,Saturday,True
2017-07-30,2017,Q3,7,July,2017-07,30,Sunday,True
2017-07-31,2017,Q3,7,July,2017-07,31,Monday,False
2017-08-01,2017,Q3,8,August,2017-08,1,Tuesday,False
2017-08-02,2017,Q3,8,August,2017-08,2,Wednesday,False
2017-08-03,2017,Q3,8,August,2017-08,3,Thursday,False
2017-08-04,2017,Q3,8,August,2017-08,4,Friday,False
2017-08-05,2017,Q3,8,August,2017-08,5,Saturday,True
2017-08-06,2017,Q3,8,August,2017-08,6,Sunday,True
2017-08-07,2017,Q3,8,August,2017-08,7,Monday,False
2017-08-08,2017,Q3,8,August,2017-08,8,Tuesday,False
2017-08-09,2017,Q3,8,August,2017-08,9,Wednesday,False
2017-08-10,2017,Q3,8,August,2017-08,10,Thursday,False
2017-08-11,2017,Q3,8,August,2017-08,11,Friday,False
2017-08-12,2017,Q3,8,August,2017-08,12,Saturday,True
2017-08-13,2017,Q3,8,August,2017-08,13,Sunday,True
2017-08-14,2017,Q3,8,August,2017-08,14,Monday,False
2017-08-15,2017,Q3,8,August,2017-08,15,Tuesday,False
2017-08-16,2017,Q3,8,August,2017-08,16,Wednesday,False
2017-08-17,2017,Q3,8,August,2017-08,17,Thursday,False
2017-08-18,2017,Q3,8,August,2017-08,18,Friday,False
2017-08-19,2017,Q3,8,August,2017-08,19,Saturday,True
2017-08-20,2017,Q3,8,August,2017-08,20,Sunday,True
2017-08-21,2017,Q3,8,August,2017-08,21,Monday,False
2017-08-22,2017,Q3,8,August,2017-08,22,Tuesday,False
2017-08-23,2017,Q3,8,August,2017-08,23,Wednesday,False
2017-08-24,2017,Q3,8,August,2017-08,24,Thursday,False
2017-08-25,2017,Q3,8,August,2017-08,25,Friday,False
2017-08-26,2017,Q3,8,August,2017-08,26,Saturday,True
2017-08-27,2017,Q3,8,August,2017-08,27,Sunday,True
2017-08-28,2017,Q3,8,August,2017-08,28,Monday,False
2017-08-29,2017,Q3,8,August,2017-08,29,Tuesday,False
2017-08-30,2017,Q3,8,August,2017-08,30,Wednesday,False
2017-08-31,2017,Q3,8,August,2017-08,31,Thursday,False
2017-09-01,2017,Q3,9,September,2017-09,1,Friday,False
2017-09-02,2017,Q3,9,September,2017-09,2,Saturday,True
2017-09-03,2017,Q3,9,September,2017-09,3,Sunday,True
2017-09-04,2017,Q3,9,September,2017-09,4,Monday,False
2017-09-05,2017,Q3,9,September,2017-09,5,Tuesday,False
2017-09-06,2017,Q3,9,September,2017-09,6,Wednesday,False
2017-09-07,2017,Q3,9,September,2017-09,7,Thursday,False
2017-09-08,2017,Q3,9,September,2017-09,8,Friday,False
2017-09-09,2017,Q3,9,September,2017-09,9,Saturday,True
2017-09-10,2017,Q3,9,September,2017-09,10,Sunday,True
2017-09-11,2017,Q3,9,September,2017-09,11,Monday,False
2017-09-12,2017,Q3,9,September,2017-09,12,Tuesday,False
2017-09-13,2017,Q3,9,September,2017-09,13,Wednesday,False
2017-09-14,2017,Q3,9,September,2017-09,14,Thursday,False
2017-09-15,2017,Q3,9,September,2017-09,15,Friday,False
2017-09-16,2017,Q3,9,September,2017-09,16,Saturday,True
2017-09-17,2017,Q3,9,September,2017-09,17,Sunday,True
2017-09-18,2017,Q3,9,September,2017-09,18,Monday,False
2017-09-19,2017,Q3,9,September,2017-09,19,Tuesday,False
2017-09-20,2017,Q3,9,September,2017-09,20,Wednesday,False
2017-09-21,2017,Q3,9,September,2017-09,21,Thursday,False
2017-09-22,2017,Q3,9,September,2017-09,22,Friday,False
2017-09-23,2017,Q3,9,September,2017-09,23,Saturday,True
2017-09-24,2017,Q3,9,September,2017-09,24,Sunday,True
2017-09-25,2017,Q3,9,September,2017-09,25,Monday,False
2017-09-26,2017,Q3,9,September,2017-09,26,Tuesday,False
2017-09-27,2017,Q3,9,September,2017-09,27,Wednesday,False
2017-09-28,2017,Q3,9,September,2017-09,28,Thursday,False
2017-09-29,2017,Q3,9,September,2017-09,29,Friday,False
2017-09-30,2017,Q3,9,September,2017-09,30,Saturday,True
2017-10-01,2017,Q4,10,October,2017-10,1,Sunday,True
2017-10-02,2017,Q4,10,October,2017-10,2,Monday,False
2017-10-03,2017,Q4,10,October,2017-10,3,Tuesday,False
2017-10-04,2017,Q4,10,October,2017-10,4,Wednesday,False
2017-10-05,2017,Q4,10,October,2017-10,5,Thursday,False
2017-10-06,2017,Q4,10,October,2017-10,6,Friday,False
2017-10-07,2017,Q4,10,October,2017-10,7,Saturday,True
2017-10-08,2017,Q4,10,October,2017-10,8,Sunday,True
2017-10-09,2017,Q4,10,October,2017-10,9,Monday,False
2017-10-10,2017,Q4,10,October,2017-10,10,Tuesday,False
2017-10-11,2017,Q4,10,October,2017-10,11,Wednesday,False
2017-10-12,2017,Q4,10,October,2017-10,12,Thursday,False
2017-10-13,2017,Q4,10,October,2017-10,13,Friday,False
2017-10-14,2017,Q4,10,October,2017-10,14,Saturday,True
2017-10-15,2017,Q4,10,October,2017-10,15,Sunday,True
2017-10-16,2017,Q4,10,October,2017-10,16,Monday,False
2017-10-17,2017,Q4,10,October,2017-10,17,Tuesday,False
2017-10-18,2017,Q4,10,October,2017-10,18,Wednesday,False
2017-10-19,2017,Q4,10,October,2017-10,19,Thursday,False
2017-10-20,2017,Q4,10,October,2017-10,20,Friday,False
2017-10-21,2017,Q4,10,October,2017-10,21,Saturday,True
2017-10-22,2017,Q4,10,October,2017-10,22,Sunday,True
2017-10-23,2017,Q4,10,October,2017-10,23,Monday,False
2017-10-24,2017,Q4,10,October,2017-10,24,Tuesday,False
2017-10-25,2017,Q4,10,October,2017-10,25,Wednesday,False
2017-10-26,2017,Q4,10,October,2017-10,26,Thursday,False
2017-10-27,2017,Q4,10,October,2017-10,27,Friday,False
2017-10-28,2017,Q4,10,October,2017-10,28,Saturday,True
2017-10-29,2017,Q4,10,October,2017-10,29,Sunday,True
2017-10-30,2017,Q4,10,October,2017-10,30,Monday,False
2017-10-31,2017,Q4,10,October,2017-10,31,Tuesday,False
2017-11-01,2017,Q4,11,November,2017-11,1,Wednesday,False
2017-11-02,2017,Q4,11,November,2017-11,2,Thursday,False
2017-11-03,2017,Q4,11,November,2017-11,3,Friday,False
2017-11-04,2017,Q4,11,November,2017-11,4,Saturday,True
2017-11-05,2017,Q4,11,November,2017-11,5,Sunday,True
2017-11-06,2017,Q4,11,November,2017-11,6,Monday,False
2017-11-07,2017,Q4,11,November,2017-11,7,Tuesday,False
2017-11-08,2017,Q4,11,November,2017-11,8,Wednesday,False
2017-11-09,2017,Q4,11,November,2017-11,9,Thursday,False
2017-11-10,2017,Q4,11,November,2017-11,10,Friday,False
2017-11-11,2017,Q4,11,November,2017-11,11,Saturday,True
2017-11-12,2017,Q4,11,November,2017-11,12,Sunday,True
2017-11-13,2017,Q4,11,November,2017-11,13,Monday,False
2017-11-14,2017,Q4,11,November,2017-11,14,Tuesday,False
2017-11-15,2017,Q4,11,November,2017-11,15,Wednesday,False
2017-11-16,2017,Q4,11,November,2017-11,16,Thursday,False
2017-11-17,2017,Q4,11,November,2017-11,17,Friday,False
2017-11-18,2017,Q4,11,November,2017-11,18,Saturday,True
2017-11-19,2017,Q4,11,November,2017-11,19,Sunday,True
2017-11-20,2017,Q4,11,November,2017-11,20,Monday,False
2017-11-21,2017,Q4,11,November,2017-11,21,Tuesday,False
2017-11-22,2017,Q4,11,November,2017-11,22,Wednesday,False
2017-11-23,2017,Q4,11,November,2017-11,23,Thursday,False
2017-11-24,2017,Q4,11,November,2017-11,24,Friday,False
2017-11-25,2017,Q4,11,November,2017-11,25,Saturday,True
2017-11-26,2017,Q4,11,November,2017-11,26,Sunday,True
2017-11-27,2017,Q4,11,November,2017-11,27,Monday,False
2017-11-28,2017,Q4,11,November,2017-11,28,Tuesday,False
2017-11-29,2017,Q4,11,November,2017-11,29,Wednesday,False
2017-11-30,2017,Q4,11,November,2017-11,30,Thursday,False
2017-12-01,2017,Q4,12,December,2017-12,1,Friday,False
2017-12-02,2017,Q4,12,December,2017-12,2,Saturday,True
2017-12-03,2017,Q4,12,December,2017-12,3,Sunday,True
2017-12-04,2017,Q4,12,December,2017-12,4,Monday,False
2017-12-05,2017,Q4,12,December,2017-12,5,Tuesday,False
2017-12-06,2017,Q4,12,December,2017-12,6,Wednesday,False
2017-12-07,2017,Q4,12,December,2017-12,7,Thursday,False
2017-12-08,2017,Q4,12,December,2017-12,8,Friday,False
2017-12-09,2017,Q4,12,December,2017-12,9,Saturday,True
2017-12-10,2017,Q4,12,December,2017-12,10,Sunday,True
2017-12-11,2017,Q4,12,December,2017-12,11,Monday,False
2017-12-12,2017,Q4,12,December,2017-12,12,Tuesday,False
2017-12-13,2017,Q4,12,December,2017-12,13,Wednesday,False
2017-12-14,2017,Q4,12,December,2017-12,14,Thursday,False
2017-12-15,2017,Q4,12,December,2017-12,15,Friday,False
2017-12-16,2017,Q4,12,December,2017-12,16,Saturday,True
2017-12-17,2017,Q4,12,December,2017-12,17,Sunday,True
2017-12-18,2017,Q4,12,December,2017-12,18,Monday,False
2017-12-19,2017,Q4,12,December,2017-12,19,Tuesday,False
2017-12-20,2017,Q4,12,December,2017-12,20,Wednesday,False
2017-12-21,2017,Q4,12,December,2017-12,21,Thursday,False
2017-12-22,2017,Q4,12,December,2017-12,22,Friday,False
2017-12-23,2017,Q4,12,December,2017-12,23,Saturday,True
2017-12-24,2017,Q4,12,December,2017-12,24,Sunday,True
2017-12-25,2017,Q4,12,December,2017-12,25,Monday,False
2017-12-26,2017,Q4,12,December,2017-12,26,Tuesday,False
2017-12-27,2017,Q4,12,December,2017-12,27,Wednesday,False
2017-12-28,2017,Q4,12,December,2017-12,28,Thursday,False
2017-12-29,2017,Q4,12,December,2017-12,29,Friday,False
2017-12-30,2017,Q4,12,December,2017-12,30,Saturday,True
2017-12-31,2017,Q4,12,December,2017-12,31,Sunday,True
2018-01-01,2018,Q1,1,January,2018-01,1,Monday,False
2018-01-02,2018,Q1,1,January,2018-01,2,Tuesday,False
2018-01-03,2018,Q1,1,January,2018-01,3,Wednesday,False
2018-01-04,2018,Q1,1,January,2018-01,4,Thursday,False
2018-01-05,2018,Q1,1,January,2018-01,5,Friday,False
2018-01-06,2018,Q1,1,January,2018-01,6,Saturday,True
2018-01-07,2018,Q1,1,January,2018-01,7,Sunday,True
2018-01-08,2018,Q1,1,January,2018-01,8,Monday,False
2018-01-09,2018,Q1,1,January,2018-01,9,Tuesday,False
2018-01-10,2018,Q1,1,January,2018-01,10,Wednesday,False
2018-01-11,2018,Q1,1,January,2018-01,11,Thursday,False
2018-01-12,2018,Q1,1,January,2018-01,12,Friday,False
2018-01-13,2018,Q1,1,January,2018-01,13,Saturday,True
2018-01-14,2018,Q1,1,January,2018-01,14,Sunday,True
2018-01-15,2018,Q1,1,January,2018-01,15,Monday,False
2018-01-16,2018,Q1,1,January,2018-01,16,Tuesday,False
2018-01-17,2018,Q1,1,January,2018-01,17,Wednesday,False
2018-01-18,2018,Q1,1,January,2018-01,18,Thursday,False
2018-01-19,2018,Q1,1,January,2018-01,19,Friday,False
2018-01-20,2018,Q1,1,January,2018-01,20,Saturday,True
2018-01-21,2018,Q1,1,January,2018-01,21,Sunday,True
2018-01-22,2018,Q1,1,January,2018-01,22,Monday,False
2018-01-23,2018,Q1,1,January,2018-01,23,Tuesday,False
2018-01-24,2018,Q1,1,January,2018-01,24,Wednesday,False
2018-01-25,2018,Q1,1,January,2018-01,25,Thursday,False
2018-01-26,2018,Q1,1,January,2018-01,26,Friday,False
2018-01-27,2018,Q1,1,January,2018-01,27,Saturday,True
2018-01-28,2018,Q1,1,January,2018-01,28,Sunday,True
2018-01-29,2018,Q1,1,January,2018-01,29,Monday,False
2018-01-30,2018,Q1,1,January,2018-01,30,Tuesday,False
2018-01-31,2018,Q1,1,January,2018-01,31,Wednesday,False
2018-02-01,2018,Q1,2,February,2018-02,1,Thursday,False
2018-02-02,2018,Q1,2,February,2018-02,2,Friday,False
2018-02-03,2018,Q1,2,February,2018-02,3,Saturday,True
2018-02-04,2018,Q1,2,February,2018-02,4,Sunday,True
2018-02-05,2018,Q1,2,February,2018-02,5,Monday,False
2018-02-06,2018,Q1,2,February,2018-02,6,Tuesday,False
2018-02-07,2018,Q1,2,February,2018-02,7,Wednesday,False
2018-02-08,2018,Q1,2,February,2018-02,8,Thursday,False
2018-02-09,2018,Q1,2,February,2018-02,9,Friday,False
2018-02-10,2018,Q1,2,February,2018-02,10,Saturday,True
2018-02-11,2018,Q1,2,February,2018-02,11,Sunday,True
2018-02-12,2018,Q1,2,February,2018-02,12,Monday,False
2018-02-13,2018,Q1,2,February,2018-02,13,Tuesday,False
2018-02-14,2018,Q1,2,February,2018-02,14,Wednesday,False
2018-02-15,2018,Q1,2,February,2018-02,15,Thursday,False
2018-02-16,2018,Q1,2,February,2018-02,16,Friday,False
2018-02-17,2018,Q1,2,February,2018-02,17,Saturday,True
2018-02-18,2018,Q1,2,February,2018-02,18,Sunday,True
2018-02-19,2018,Q1,2,February,2018-02,19,Monday,False
2018-02-20,2018,Q1,2,February,2018-02,20,Tuesday,False
2018-02-21,2018,Q1,2,February,2018-02,21,Wednesday,False
2018-02-22,2018,Q1,2,February,2018-02,22,Thursday,False
2018-02-23,2018,Q1,2,February,2018-02,23,Friday,False
2018-02-24,2018,Q1,2,February,2018-02,24,Saturday,True
2018-02-25,2018,Q1,2,February,2018-02,25,Sunday,True
2018-02-26,2018,Q1,2,February,2018-02,26,Monday,False
2018-02-27,2018,Q1,2,February,2018-02,27,Tuesday,False
2018-02-28,2018,Q1,2,February,2018-02,28,Wednesday,False
2018-03-01,2018,Q1,3,March,2018-03,1,Thursday,False
2018-03-02,2018,Q1,3,March,2018-03,2,Friday,False
2018-03-03,2018,Q1,3,March,2018-03,3,Saturday,True
2018-03-04,2018,Q1,3,March,2018-03,4,Sunday,True
2018-03-05,2018,Q1,3,March,2018-03,5,Monday,False
2018-03-06,2018,Q1,3,March,2018-03,6,Tuesday,False
2018-03-07,2018,Q1,3,March,2018-03,7,Wednesday,False
2018-03-08,2018,Q1,3,March,2018-03,8,Thursday,False
2018-03-09,2018,Q1,3,March,2018-03,9,Friday,False
2018-03-10,2018,Q1,3,March,2018-03,10,Saturday,True
2018-03-11,2018,Q1,3,March,2018-03,11,Sunday,True
2018-03-12,2018,Q1,3,March,2018-03,12,Monday,False
2018-03-13,2018,Q1,3,March,2018-03,13,Tuesday,False
2018-03-14,2018,Q1,3,March,2018-03,14,Wednesday,False
2018-03-15,2018,Q1,3,March,2018-03,15,Thursday,False
2018-03-16,2018,Q1,3,March,2018-03,16,Friday,False
2018-03-17,2018,Q1,3,March,2018-03,17,Saturday,True
2018-03-18,2018,Q1,3,March,2018-03,18,Sunday,True
2018-03-19,2018,Q1,3,March,2018-03,19,Monday,False
2018-03-20,2018,Q1,3,March,2018-03,20,Tuesday,False
2018-03-21,2018,Q1,3,March,2018-03,21,Wednesday,False
2018-03-22,2018,Q1,3,March,2018-03,22,Thursday,False
2018-03-23,2018,Q1,3,March,2018-03,23,Friday,False
2018-03-24,2018,Q1,3,March,2018-03,24,Saturday,True
2018-03-25,2018,Q1,3,March,2018-03,25,Sunday,True
2018-03-26,2018,Q1,3,March,2018-03,26,Monday,False
2018-03-27,2018,Q1,3,March,2018-03,27,Tuesday,False
2018-03-28,2018,Q1,3,March,2018-03,28,Wednesday,False
2018-03-29,2018,Q1,3,March,2018-03,29,Thursday,False
2018-03-30,2018,Q1,3,March,2018-03,30,Friday,False
2018-03-31,2018,Q1,3,March,2018-03,31,Saturday,True
2018-04-01,2018,Q2,4,April,2018-04,1,Sunday,True
2018-04-02,2018,Q2,4,April,2018-04,2,Monday,False
2018-04-03,2018,Q2,4,April,2018-04,3,Tuesday,False
2018-04-04,2018,Q2,4,April,2018-04,4,Wednesday,False
2018-04-05,2018,Q2,4,April,2018-04,5,Thursday,False
2018-04-06,2018,Q2,4,April,2018-04,6,Friday,False
2018-04-07,2018,Q2,4,April,2018-04,7,Saturday,True
2018-04-08,2018,Q2,4,April,2018-04,8,Sunday,True
2018-04-09,2018,Q2,4,April,2018-04,9,Monday,False
2018-04-10,2018,Q2,4,April,2018-04,10,Tuesday,False
2018-04-11,2018,Q2,4,April,2018-04,11,Wednesday,False
2018-04-12,2018,Q2,4,April,2018-04,12,Thursday,False
2018-04-13,2018,Q2,4,April,2018-04,13,Friday,False
2018-04-14,2018,Q2,4,April,2018-04,14,Saturday,True
2018-04-15,2018,Q2,4,April,2018-04,15,Sunday,True
2018-04-16,2018,Q2,4,April,2018-04,16,Monday,False
2018-04-17,2018,Q2,4,April,2018-04,17,Tuesday,False
2018-04-18,2018,Q2,4,April,2018-04,18,Wednesday,False
2018-04-19,2018,Q2,4,April,2018-04,19,Thursday,False
2018-04-20,2018,Q2,4,April,2018-04,20,Friday,False
2018-04-21,2018,Q2,4,April,2018-04,21,Saturday,True
2018-04-22,2018,Q2,4,April,2018-04,22,Sunday,True
2018-04-23,2018,Q2,4,April,2018-04,23,Monday,False
2018-04-24,2018,Q2,4,April,2018-04,24,Tuesday,False
2018-04-25,2018,Q2,4,April,2018-04,25,Wednesday,False
2018-04-26,2018,Q2,4,April,2018-04,26,Thursday,False
2018-04-27,2018,Q2,4,April,2018-04,27,Friday,False
2018-04-28,2018,Q2,4,April,2018-04,28,Saturday,True
2018-04-29,2018,Q2,4,April,2018-04,29,Sunday,True
2018-04-30,2018,Q2,4,April,2018-04,30,Monday,False
2018-05-01,2018,Q2,5,May,2018-05,1,Tuesday,False
2018-05-02,2018,Q2,5,May,2018-05,2,Wednesday,False
2018-05-03,2018,Q2,5,May,2018-05,3,Thursday,False
2018-05-04,2018,Q2,5,May,2018-05,4,Friday,False
2018-05-05,2018,Q2,5,May,2018-05,5,Saturday,True
2018-05-06,2018,Q2,5,May,2018-05,6,Sunday,True
2018-05-07,2018,Q2,5,May,2018-05,7,Monday,False
2018-05-08,2018,Q2,5,May,2018-05,8,Tuesday,False
2018-05-09,2018,Q2,5,May,2018-05,9,Wednesday,False
2018-05-10,2018,Q2,5,May,2018-05,10,Thursday,False
2018-05-11,2018,Q2,5,May,2018-05,11,Friday,False
2018-05-12,2018,Q2,5,May,2018-05,12,Saturday,True
2018-05-13,2018,Q2,5,May,2018-05,13,Sunday,True
2018-05-14,2018,Q2,5,May,2018-05,14,Monday,False
2018-05-15,2018,Q2,5,May,2018-05,15,Tuesday,False
2018-05-16,2018,Q2,5,May,2018-05,16,Wednesday,False
2018-05-17,2018,Q2,5,May,2018-05,17,Thursday,False
2018-05-18,2018,Q2,5,May,2018-05,18,Friday,False
2018-05-19,2018,Q2,5,May,2018-05,19,Saturday,True
2018-05-20,2018,Q2,5,May,2018-05,20,Sunday,True
2018-05-21,2018,Q2,5,May,2018-05,21,Monday,False
2018-05-22,2018,Q2,5,May,2018-05,22,Tuesday,False
2018-05-23,2018,Q2,5,May,2018-05,23,Wednesday,False
2018-05-24,2018,Q2,5,May,2018-05,24,Thursday,False
2018-05-25,2018,Q2,5,May,2018-05,25,Friday,False
2018-05-26,2018,Q2,5,May,2018-05,26,Saturday,True
2018-05-27,2018,Q2,5,May,2018-05,27,Sunday,True
2018-05-28,2018,Q2,5,May,2018-05,28,Monday,False
2018-05-29,2018,Q2,5,May,2018-05,29,Tuesday,False
2018-05-30,2018,Q2,5,May,2018-05,30,Wednesday,False
2018-05-31,2018,Q2,5,May,2018-05,31,Thursday,False
2018-06-01,2018,Q2,6,June,2018-06,1,Friday,False
2018-06-02,2018,Q2,6,June,2018-06,2,Saturday,True
2018-06-03,2018,Q2,6,June,2018-06,3,Sunday,True
2018-06-04,2018,Q2,6,June,2018-06,4,Monday,False
2018-06-05,2018,Q2,6,June,2018-06,5,Tuesday,False
2018-06-06,2018,Q2,6,June,2018-06,6,Wednesday,False
2018-06-07,2018,Q2,6,June,2018-06,7,Thursday,False
2018-06-08,2018,Q2,6,June,2018-06,8,Friday,False
2018-06-09,2018,Q2,6,June,2018-06,9,Saturday,True
2018-06-10,2018,Q2,6,June,2018-06,10,Sunday,True
2018-06-11,2018,Q2,6,June,2018-06,11,Monday,False
2018-06-12,2018,Q2,6,June,2018-06,12,Tuesday,False
2018-06-13,2018,Q2,6,June,2018-06,13,Wednesday,False
2018-06-14,2018,Q2,6,June,2018-06,14,Thursday,False
2018-06-15,2018,Q2,6,June,2018-06,15,Friday,False
2018-06-16,2018,Q2,6,June,2018-06,16,Saturday,True
2018-06-17,2018,Q2,6,June,2018-06,17,Sunday,True
2018-06-18,2018,Q2,6,June,2018-06,18,Monday,False
2018-06-19,2018,Q2,6,June,2018-06,19,Tuesday,False
2018-06-20,2018,Q2,6,June,2018-06,20,Wednesday,False
2018-06-21,2018,Q2,6,June,2018-06,21,Thursday,False
2018-06-22,2018,Q2,6,June,2018-06,22,Friday,False
2018-06-23,2018,Q2,6,June,2018-06,23,Saturday,True
2018-06-24,2018,Q2,6,June,2018-06,24,Sunday,True
2018-06-25,2018,Q2,6,June,2018-06,25,Monday,False
2018-06-26,2018,Q2,6,June,2018-06,26,Tuesday,False
2018-06-27,2018,Q2,6,June,2018-06,27,Wednesday,False
2018-06-28,2018,Q2,6,June,2018-06,28,Thursday,False
2018-06-29,2018,Q2,6,June,2018-06,29,Friday,False
2018-06-30,2018,Q2,6,June,2018-06,30,Saturday,True
2018-07-01,2018,Q3,7,July,2018-07,1,Sunday,True
2018-07-02,2018,Q3,7,July,2018-07,2,Monday,False
2018-07-03,2018,Q3,7,July,2018-07,3,Tuesday,False
2018-07-04,2018,Q3,7,July,2018-07,4,Wednesday,False
2018-07-05,2018,Q3,7,July,2018-07,5,Thursday,False
2018-07-06,2018,Q3,7,July,2018-07,6,Friday,False
2018-07-07,2018,Q3,7,July,2018-07,7,Saturday,True
2018-07-08,2018,Q3,7,July,2018-07,8,Sunday,True
2018-07-09,2018,Q3,7,July,2018-07,9,Monday,False
2018-07-10,2018,Q3,7,July,2018-07,10,Tuesday,False
2018-07-11,2018,Q3,7,July,2018-07,11,Wednesday,False
2018-07-12,2018,Q3,7,July,2018-07,12,Thursday,False
2018-07-13,2018,Q3,7,July,2018-07,13,Friday,False
2018-07-14,2018,Q3,7,July,2018-07,14,Saturday,True
2018-07-15,2018,Q3,7,July,2018-07,15,Sunday,True
2018-07-16,2018,Q3,7,July,2018-07,16,Monday,False
2018-07-17,2018,Q3,7,July,2018-07,17,Tuesday,False
2018-07-18,2018,Q3,7,July,2018-07,18,Wednesday,False
2018-07-19,2018,Q3,7,July,2018-07,19,Thursday,False
2018-07-20,2018,Q3,7,July,2018-07,20,Friday,False
2018-07-21,2018,Q3,7,July,2018-07,21,Saturday,True
2018-07-22,2018,Q3,7,July,2018-07,22,Sunday,True
2018-07-23,2018,Q3,7,July,2018-07,23,Monday,False
2018-07-24,2018,Q3,7,July,2018-07,24,Tuesday,False
2018-07-25,2018,Q3,7,July,2018-07,25,Wednesday,False
2018-07-26,2018,Q3,7,July,2018-07,26,Thursday,False
2018-07-27,2018,Q3,7,July,2018-07,27,Friday,False
2018-07-28,2018,Q3,7,July,2018-07,28,Saturday,True
2018-07-29,2018,Q3,7,July,2018-07,29,Sunday,True
2018-07-30,2018,Q3,7,July,2018-07,30,Monday,False
2018-07-31,2018,Q3,7,July,2018-07,31,Tuesday,False
2018-08-01,2018,Q3,8,August,2018-08,1,Wednesday,False
2018-08-02,2018,Q3,8,August,2018-08,2,Thursday,False
2018-08-03,2018,Q3,8,August,2018-08,3,Friday,False
2018-08-04,2018,Q3,8,August,2018-08,4,Saturday,True
2018-08-05,2018,Q3,8,August,2018-08,5,Sunday,True
2018-08-06,2018,Q3,8,August,2018-08,6,Monday,False
2018-08-07,2018,Q3,8,August,2018-08,7,Tuesday,False
2018-08-08,2018,Q3,8,August,2018-08,8,Wednesday,False
2018-08-09,2018,Q3,8,August,2018-08,9,Thursday,False
2018-08-10,2018,Q3,8,August,2018-08,10,Friday,False
2018-08-11,2018,Q3,8,August,2018-08,11,Saturday,True
2018-08-12,2018,Q3,8,August,2018-08,12,Sunday,True
2018-08-13,2018,Q3,8,August,2018-08,13,Monday,False
2018-08-14,2018,Q3,8,August,2018-08,14,Tuesday,False
2018-08-15,2018,Q3,8,August,2018-08,15,Wednesday,False
2018-08-16,2018,Q3,8,August,2018-08,16,Thursday,False
2018-08-17,2018,Q3,8,August,2018-08,17,Friday,False
2018-08-18,2018,Q3,8,August,2018-08,18,Saturday,True
2018-08-19,2018,Q3,8,August,2018-08,19,Sunday,True
2018-08-20,2018,Q3,8,August,2018-08,20,Monday,False
2018-08-21,2018,Q3,8,August,2018-08,21,Tuesday,False
2018-08-22,2018,Q3,8,August,2018-08,22,Wednesday,False
2018-08-23,2018,Q3,8,August,2018-08,23,Thursday,False
2018-08-24,2018,Q3,8,August,2018-08,24,Friday,False
2018-08-25,2018,Q3,8,August,2018-08,25,Saturday,True
2018-08-26,2018,Q3,8,August,2018-08,26,Sunday,True
2018-08-27,2018,Q3,8,August,2018-08,27,Monday,False
2018-08-28,2018,Q3,8,August,2018-08,28,Tuesday,False
2018-08-29,2018,Q3,8,August,2018-08,29,Wednesday,False
2018-08-30,2018,Q3,8,August,2018-08,30,Thursday,False
2018-08-31,2018,Q3,8,August,2018-08,31,Friday,False
2018-09-01,2018,Q3,9,September,2018-09,1,Saturday,True
2018-09-02,2018,Q3,9,September,2018-09,2,Sunday,True
2018-09-03,2018,Q3,9,September,2018-09,3,Monday,False
