date,actual_revenue,actual_revenue_fc,arima_forecast,prophet_forecast,lstm_forecast
2016-09-04,72.89,,,,
2016-09-05,59.5,,,,
2016-09-15,134.97,,,,
2016-10-02,100.0,,,,
2016-10-03,463.48,,,,
2016-10-04,9940.960000000001,,,,
2016-10-05,8343.25,,,,
2016-10-06,7960.51,,,,
2016-10-07,7228.05,,,,
2016-10-08,8441.85,,,,
2016-10-09,3336.99,,,,
2016-10-10,3692.57,,,,
2016-12-23,10.9,,,,
2017-01-05,396.90000000000003,,,,
2017-01-06,916.38,,,,
2017-01-07,1351.9,,,,
2017-01-08,709.58,,,,
2017-01-09,673.79,,,,
2017-01-10,1434.87,,,,
2017-01-11,2776.16,,,,
2017-01-12,2234.58,,,,
2017-01-13,2505.58,,,,
2017-01-14,1112.69,,,,
2017-01-15,2199.57,,,,
2017-01-16,3307.92,,,,
2017-01-17,3302.5299999999997,,,,
2017-01-18,4032.36,,,,
2017-01-19,3553.95,,,,
2017-01-20,4035.83,,,,
2017-01-21,2458.6,,,,
2017-01-22,3619.27,,,,
2017-01-23,6581.47,,,,
2017-01-24,5955.17,,,,
2017-01-25,8977.23,,,,
2017-01-26,13157.66,,,,
2017-01-27,11432.95,,,,
2017-01-28,5211.01,,,,
2017-01-29,6457.66,,,,
2017-01-30,10801.13,,,,
2017-01-31,11116.13,,,,
2017-02-01,8219.75,,,,
2017-02-02,8917.64,,,,
2017-02-03,10183.74,,,,
2017-02-04,13968.16,,,,
2017-02-05,8503.79,,,,
2017-02-06,9539.44,,,,
2017-02-07,14143.48,,,,
2017-02-08,11958.27,,,,
2017-02-09,9190.289999999999,,,,
2017-02-10,14222.64,,,,
2017-02-11,4307.56,,,,
2017-02-12,15126.15,,,,
2017-02-13,10785.15,,,,
2017-02-14,12694.11,,,,
2017-02-15,6770.15,,,,
2017-02-16,6348.04,,,,
2017-02-17,6801.26,,,,
2017-02-18,7297.33,,,,
2017-02-19,3797.9,,,,
2017-02-20,7878.3,,,,
2017-02-21,8285.64,,,,
2017-02-22,8033.05,,,,
2017-02-23,6940.82,,,,
2017-02-24,6682.21,,,,
2017-02-25,4196.59,,,,
2017-02-26,5446.68,,,,
2017-02-27,5844.12,,,,
2017-02-28,11220.76,,,,
2017-03-01,12555.41,,,,
2017-03-02,11377.0,,,,
2017-03-03,12364.44,,,,
2017-03-04,12658.51,,,,
2017-03-05,6954.62,,,,
2017-03-06,10336.64,,,,
2017-03-07,11883.52,,,,
2017-03-08,14612.46,,,,
2017-03-09,11705.54,,,,
2017-03-10,12358.87,,,,
2017-03-11,10852.97,,,,
2017-03-12,6612.16,,,,
2017-03-13,16958.05,,,,
2017-03-14,14243.66,,,,
2017-03-15,14999.33,,,,
2017-03-16,14269.78,,,,
2017-03-17,11970.4,,,,
2017-03-18,16433.82,,,,
2017-03-19,6649.34,,,,
2017-03-20,17096.49,,,,
2017-03-21,11349.130000000001,,,,
2017-03-22,14188.97,,,,
2017-03-23,16375.55,,,,
2017-03-24,10177.87,,,,
2017-03-25,9423.04,,,,
2017-03-26,6320.95,,,,
2017-03-27,16356.97,,,,
2017-03-28,12373.11,,,,
2017-03-29,8660.54,,,,
2017-03-30,10025.6,,,,
2017-03-31,12199.56,,,,
2017-04-01,17697.37,,,,
2017-04-02,9129.88,,,,
2017-04-03,9156.76,,,,
2017-04-04,12301.65,,,,
2017-04-05,18902.94,,,,
2017-04-06,23168.89,,,,
2017-04-07,13300.65,,,,
2017-04-08,8785.09,,,,
2017-04-09,8222.65,,,,
2017-04-10,11732.31,,,,
2017-04-11,8296.51,,,,
2017-04-12,8209.2,,,,
2017-04-13,9691.43,,,,
2017-04-14,8168.66,,,,
2017-04-15,8333.94,,,,
2017-04-16,5455.96,,,,
2017-04-17,9416.67,,,,
2017-04-18,21286.72,,,,
2017-04-19,12103.46,,,,
2017-04-20,13373.14,,,,
2017-04-21,8457.71,,,,
2017-04-22,12860.18,,,,
2017-04-23,10038.95,,,,
2017-04-24,15150.03,,,,
2017-04-25,14671.74,,,,
2017-04-26,15919.75,,,,
2017-04-27,10300.71,,,,
2017-04-28,15790.49,,,,
2017-04-29,11912.630000000001,,,,
2017-04-30,8091.16,,,,
2017-05-01,12580.27,,,,
2017-05-02,17640.2,,,,
2017-05-03,10053.56,,,,
2017-05-04,13508.55,,,,
2017-05-05,13969.76,,,,
2017-05-06,16219.98,,,,
2017-05-07,17167.87,,,,
2017-05-08,16148.41,,,,
2017-05-09,20837.05,,,,
2017-05-10,20927.49,,,,
2017-05-11,18164.55,,,,
2017-05-12,12635.710000000001,,,,
2017-05-13,9118.65,,,,
2017-05-14,15219.7,,,,
2017-05-15,17962.03,,,,
2017-05-16,21174.88,,,,
2017-05-17,18343.93,,,,
2017-05-18,18245.13,,,,
2017-05-19,18397.670000000002,,,,
2017-05-20,10632.41,,,,
2017-05-21,17426.2,,,,
2017-05-22,25414.2,,,,
2017-05-23,17798.38,,,,
2017-05-24,23350.97,,,,
2017-05-25,15383.79,,,,
2017-05-26,10651.18,,,,
2017-05-27,14139.51,,,,
2017-05-28,9262.62,,,,
2017-05-29,18912.86,,,,
2017-05-30,14345.48,,,,
2017-05-31,20438.15,,,,
2017-06-01,19305.25,,,,
2017-06-02,19131.33,,,,
2017-06-03,10450.35,,,,
2017-06-04,13863.23,,,,
2017-06-05,24184.55,,,,
2017-06-06,14589.15,,,,
2017-06-07,12771.66,,,,
2017-06-08,18503.08,,,,
2017-06-09,16051.35,,,,
2017-06-10,8220.35,,,,
2017-06-11,14303.56,,,,
2017-06-12,14803.11,,,,
2017-06-13,14016.09,,,,
2017-06-14,20441.670000000002,,,,
2017-06-15,12737.67,,,,
2017-06-16,12908.23,,,,
2017-06-17,11264.77,,,,
2017-06-18,17836.16,,,,
2017-06-19,22764.83,,,,
2017-06-20,10968.33,,,,
2017-06-21,6183.650000000001,,,,
2017-06-22,8826.81,,,,
2017-06-23,13282.98,,,,
2017-06-24,8325.65,,,,
2017-06-25,17646.18,,,,
2017-06-26,13414.76,,,,
2017-06-27,16681.61,,,,
2017-06-28,14655.82,,,,
2017-06-29,12169.53,,,,
2017-06-30,12736.890000000001,,,,
2017-07-01,12151.75,,,,
2017-07-02,11489.44,,,,
2017-07-03,16611.05,,,,
2017-07-04,15484.24,,,,
2017-07-05,20789.56,,,,
2017-07-06,22223.72,,,,
2017-07-07,13662.87,,,,
2017-07-08,10206.86,,,,
2017-07-09,8197.38,,,,
2017-07-10,17326.93,,,,
2017-07-11,20213.79,,,,
2017-07-12,19180.22,,,,
2017-07-13,14531.0,,,,
2017-07-14,18745.15,,,,
2017-07-15,10930.56,,,,
2017-07-16,13421.6,,,,
2017-07-17,21554.98,,,,
2017-07-18,28238.2,,,,
2017-07-19,16545.34,,,,
2017-07-20,19174.08,,,,
2017-07-21,13448.85,,,,
2017-07-22,11456.81,,,,
2017-07-23,12117.61,,,,
2017-07-24,19662.62,,,,
2017-07-25,17482.53,,,,
2017-07-26,11265.23,,,,
2017-07-27,15693.93,,,,
2017-07-28,20043.16,,,,
2017-07-29,15964.27,,,,
2017-07-30,12944.87,,,,
2017-07-31,17272.88,,,,
2017-08-01,21745.04,,,,
2017-08-02,18147.0,,,,
2017-08-03,19125.510000000002,,,,
2017-08-04,18361.62,,,,
2017-08-05,11946.91,,,,
2017-08-06,14181.14,,,,
2017-08-07,23257.84,,,,
2017-08-08,18661.63,,,,
2017-08-09,20756.52,,,,
2017-08-10,19961.55,,,,
2017-08-11,20039.24,,,,
2017-08-12,13980.86,,,,
2017-08-13,12334.19,,,,
2017-08-14,18156.37,,,,
2017-08-15,23727.260000000002,,,,
2017-08-16,23950.420000000002,,,,
2017-08-17,18357.91,,,,
2017-08-18,17132.010000000002,,,,
2017-08-19,12910.130000000001,,,,
2017-08-20,12873.78,,,,
2017-08-21,22219.35,,,,
2017-08-22,16627.12,,,,
2017-08-23,15873.61,,,,
2017-08-24,13361.11,,,,
2017-08-25,15163.32,,,,
2017-08-26,10141.69,,,,
2017-08-27,13367.88,,,,
2017-08-28,22244.52,,,,
2017-08-29,33756.48,,,,
2017-08-30,30938.16,,,,
2017-08-31,20671.51,,,,
2017-09-01,28473.13,,,,
2017-09-02,18128.66,,,,
2017-09-03,27795.41,,,,
2017-09-04,24937.98,,,,
2017-09-05,20981.55,,,,
2017-09-06,25624.61,,,,
2017-09-07,16893.5,,,,
2017-09-08,11883.47,,,,
2017-09-09,15082.53,,,,
2017-09-10,17810.27,,,,
2017-09-11,23376.78,,,,
2017-09-12,27136.010000000002,,,,
2017-09-13,27593.28,,,,
2017-09-14,22557.76,,,,
2017-09-15,18373.26,,,,
2017-09-16,21147.37,,,,
2017-09-17,19979.42,,,,
2017-09-18,28487.81,,,,
2017-09-19,20057.95,,,,
2017-09-20,22102.55,,,,
2017-09-21,19015.53,,,,
2017-09-22,16255.12,,,,
2017-09-23,10513.5,,,,
2017-09-24,13049.75,,,,
2017-09-25,17987.1,,,,
2017-09-26,21681.9,,,,
2017-09-27,20646.92,,,,
2017-09-28,23264.52,,,,
2017-09-29,30878.56,,,,
2017-09-30,12685.49,,,,
2017-10-01,18821.27,,,,
2017-10-02,21764.65,,,,
2017-10-03,26118.57,,,,
2017-10-04,21197.7,,,,
2017-10-05,25517.52,,,,
2017-10-06,17084.670000000002,,,,
2017-10-07,15376.02,,,,
2017-10-08,16539.01,,,,
2017-10-09,30337.79,,,,
2017-10-10,28151.13,,,,
2017-10-11,22669.37,,,,
2017-10-12,18754.23,,,,
2017-10-13,22881.19,,,,
2017-10-14,13528.82,,,,
2017-10-15,18751.85,,,,
2017-10-16,30580.16,,,,
2017-10-17,29675.77,,,,
2017-10-18,27257.79,,,,
2017-10-19,23223.71,,,,
2017-10-20,18626.2,,,,
2017-10-21,14982.45,,,,
2017-10-22,19786.81,,,,
2017-10-23,22278.1,,,,
2017-10-24,22071.27,,,,
2017-10-25,17507.06,,,,
2017-10-26,22573.15,,,,
2017-10-27,20377.58,,,,
2017-10-28,16483.61,,,,
2017-10-29,17267.75,,,,
2017-10-30,20221.23,,,,
2017-10-31,23813.0,,,,
2017-11-01,19383.61,,,,
2017-11-02,21263.73,,,,
2017-11-03,22844.05,,,,
2017-11-04,19169.07,,,,
2017-11-05,17327.44,,,,
2017-11-06,28600.29,,,,
2017-11-07,20829.71,,,,
2017-11-08,19240.510000000002,,,,
2017-11-09,25053.34,,,,
2017-11-10,20223.84,,,,
2017-11-11,23292.07,,,,
2017-11-12,23087.26,,,,
2017-11-13,24391.97,,,,
2017-11-14,27049.68,,,,
2017-11-15,23711.29,,,,
2017-11-16,28268.82,,,,
2017-11-17,29209.07,,,,
2017-11-18,23233.3,,,,
2017-11-19,19955.56,,,,
2017-11-20,44284.47,,,,
2017-11-21,34316.64,,,,
2017-11-22,24962.57,,,,
2017-11-23,44712.88,,,,
2017-11-24,152653.74,,,,
2017-11-25,60923.48,,,,
2017-11-26,45315.28,,,,
2017-11-27,47923.66,,,,
2017-11-28,47886.55,,,,
2017-11-29,39834.75,,,,
2017-11-30,31322.74,,,,
2017-12-01,39981.91,,,,
2017-12-02,31208.13,,,,
2017-12-03,29262.920000000002,,,,
2017-12-04,47348.52,,,,
2017-12-05,33632.37,,,,
2017-12-06,39198.74,,,,
2017-12-07,28055.78,,,,
2017-12-08,29847.46,,,,
2017-12-09,20027.04,,,,
2017-12-10,24695.79,,,,
2017-12-11,33990.39,,,,
2017-12-12,33468.71,,,,
2017-12-13,29601.28,,,,
2017-12-14,25286.23,,,,
2017-12-15,27382.2,,,,
2017-12-16,20296.28,,,,
2017-12-17,19312.41,,,,
2017-12-18,29162.11,,,,
2017-12-19,20615.99,,,,
2017-12-20,27958.53,,,,
2017-12-21,18572.22,,,,
2017-12-22,14935.3,,,,
2017-12-23,12875.05,,,,
2017-12-24,5759.01,,,,
2017-12-25,10381.34,,,,
2017-12-26,20549.43,,,,
2017-12-27,17700.4,,,,
2017-12-28,15037.49,,,,
2017-12-29,16042.72,,,,
2017-12-30,13042.65,,,,
2017-12-31,8685.77,,,,
2018-01-01,6948.21,,,,
2018-01-02,25315.0,,,,
2018-01-03,31886.72,,,,
2018-01-04,34839.44,,,,
2018-01-05,27720.39,,,,
2018-01-06,27609.670000000002,,,,
2018-01-07,29433.01,,,,
2018-01-08,38714.4,,,,
2018-01-09,30248.91,,,,
2018-01-10,38479.53,,,,
2018-01-11,40056.96,,,,
2018-01-12,30988.94,,,,
2018-01-13,28091.91,,,,
2018-01-14,30962.53,,,,
2018-01-15,38330.3,,,,
2018-01-16,44237.17,,,,
2018-01-17,36089.22,,,,
2018-01-18,27774.77,,,,
2018-01-19,29954.78,,,,
2018-01-20,22381.68,,,,
2018-01-21,23829.83,,,,
2018-01-22,37137.64,,,,
2018-01-23,34746.17,,,,
2018-01-24,31700.17,,,,
2018-01-25,29634.42,,,,
2018-01-26,33995.0,,,,
2018-01-27,22031.08,,,,
2018-01-28,24100.75,,,,
2018-01-29,30481.32,,,,
2018-01-30,29588.85,,,,
2018-01-31,32721.59,,,,
2018-02-01,30362.15,,,,
2018-02-02,27731.600000000002,,,,
2018-02-03,23448.66,,,,
2018-02-04,23989.79,,,,
2018-02-05,37360.84,,,,
2018-02-06,34119.38,,,,
2018-02-07,31306.23,,,,
2018-02-08,27314.73,,,,
2018-02-09,30743.07,,,,
2018-02-10,21248.16,,,,
2018-02-11,22504.98,,,,
2018-02-12,23310.73,,,,
2018-02-13,23638.34,,,,
2018-02-14,37079.65,,,,
2018-02-15,32279.91,,,,
2018-02-16,26894.99,,,,
2018-02-17,24952.760000000002,,,,
2018-02-18,24592.43,,,,
2018-02-19,28190.63,,,,
2018-02-20,36568.57,,,,
2018-02-21,32401.69,,,,
2018-02-22,32718.71,,,,
2018-02-23,28424.7,,,,
2018-02-24,24263.510000000002,,,,
2018-02-25,29203.77,,,,
2018-02-26,43750.96,,,,
2018-02-27,40267.2,,,,
2018-02-28,45510.57,,,,
2018-03-01,39651.51,,,,
2018-03-02,31776.46,,,,
2018-03-03,26394.97,,,,
2018-03-04,32441.9,,,,
2018-03-05,38323.07,,,,
2018-03-06,39173.99,,,,
2018-03-07,36137.89,,,,
2018-03-08,28156.39,,,,
2018-03-09,28405.44,,,,
2018-03-10,26203.91,,,,
2018-03-11,31320.43,,,,
2018-03-12,30644.66,,,,
2018-03-13,36074.24,,,,
2018-03-14,23528.79,,,,
2018-03-15,44311.46,,,,
2018-03-16,32832.19,,,,
2018-03-17,20078.5,,,,
2018-03-18,31119.33,,,,
2018-03-19,44645.19,,,,
2018-03-20,35749.47,,,,
2018-03-21,39714.43,,,,
2018-03-22,31119.41,,,,
2018-03-23,29621.24,,,,
2018-03-24,23787.77,,,,
2018-03-25,25557.29,,,,
2018-03-26,35779.01,,,,
2018-03-27,34732.56,,,,
2018-03-28,29713.34,,,,
2018-03-29,28926.73,,,,
2018-03-30,22088.14,,,,
2018-03-31,25203.73,,,,
2018-04-01,29396.66,,,,
2018-04-02,40279.1,,,,
2018-04-03,36246.51,,,,
2018-04-04,37982.73,,,,
2018-04-05,36058.79,,,,
2018-04-06,27784.74,,,,
2018-04-07,25517.38,,,,
2018-04-08,23463.85,,,,
2018-04-09,49308.73,,,,
2018-04-10,27870.56,,,,
2018-04-11,40782.96,,,,
2018-04-12,34117.58,,,,
2018-04-13,31150.36,,,,
2018-04-14,18845.7,,,,
2018-04-15,30524.04,,,,
2018-04-16,40412.26,,,,
2018-04-17,36682.97,,,,
2018-04-18,39472.71,,,,
2018-04-19,43287.21,,,,
2018-04-20,28353.84,,,,
2018-04-21,18966.34,,,,
2018-04-22,27350.9,,,,
2018-04-23,37674.27,,,,
2018-04-24,43083.77,,,,
2018-04-25,40995.02,,,,
2018-04-26,31631.36,,,,
2018-04-27,40752.54,,,,
2018-04-28,23560.56,,,,
2018-04-29,19411.7,,,,
2018-04-30,35682.61,,,,
2018-05-01,33163.8,,,,
2018-05-02,38557.72,,,,
2018-05-03,42497.77,,,,
2018-05-04,39730.93,,,,
2018-05-05,28306.45,,,,
2018-05-06,28565.97,,,,
2018-05-07,54167.48,,,,
2018-05-08,47800.69,,,,
2018-05-09,43589.12,,,,
2018-05-10,51458.67,,,,
2018-05-11,37859.19,,,,
2018-05-12,29604.14,,,,
2018-05-13,31313.52,,,,
2018-05-14,53842.38,,,,
2018-05-15,41119.85,,,,
2018-05-16,56283.73,,,,
2018-05-17,31488.47,,,,
2018-05-18,31621.52,,,,
2018-05-19,25201.29,,,,
2018-05-20,19586.54,,,,
2018-05-21,25404.06,,,,
2018-05-22,27793.91,,,,
2018-05-23,17501.05,,,,
2018-05-24,20073.26,,,,
2018-05-25,15888.92,,,,
2018-05-26,14799.17,,,,
2018-05-27,12523.25,,,,
2018-05-28,26877.47,,,,
2018-05-29,25572.08,,,,
2018-05-30,19214.0,,,,
2018-05-31,25111.28,,,,
2018-06-01,32298.92,,,,
2018-06-02,25266.62,,,,
2018-06-03,28461.66,,,,
2018-06-04,28622.4,,,,
2018-06-05,30709.36,,,,
2018-06-06,26134.4,26134.4,27971.719259079087,30173.79660181757,
2018-06-07,37020.4,37020.4,26982.78240740627,29383.343991494407,
2018-06-08,26870.41,26870.41,26982.78240740627,29588.384338072447,
2018-06-09,29325.08,29325.08,26982.78240740627,25359.57927105229,
2018-06-10,25501.97,25501.97,26982.78240740627,26088.00409566633,
2018-06-11,49669.7,49669.7,26982.78240740627,31984.840289429925,
2018-06-12,40369.0,40369.0,26982.78240740627,31725.027084906284,
2018-06-13,34616.96,34616.96,26982.78240740627,31431.665927241535,
2018-06-14,27504.6,27504.6,26982.78240740627,30686.250049737453,
2018-06-15,26617.56,26617.56,26982.78240740627,30897.593312627123,
2018-06-16,24616.05,24616.05,26982.78240740627,26637.832092623536,
2018-06-17,17316.33,17316.33,26982.78240740627,27300.391407121733,
2018-06-18,34718.3,34718.3,26982.78240740627,33099.61018652581,
2018-06-19,34630.33,34630.33,26982.78240740627,32714.30623548049,
2018-06-20,28793.99,28793.99,26982.78240740627,32272.076820041508,
2018-06-21,27703.58,27703.58,26982.78240740627,31359.409703157693,
2018-06-22,24807.27,24807.27,26982.78240740627,31390.48172106645,
2018-06-23,17501.92,17501.92,26982.78240740627,26943.021932089378,
2018-06-24,24432.6,24432.6,26982.78240740627,27416.13398162813,
2018-06-25,36135.52,36135.52,26982.78240740627,33029.77618772051,
2018-06-26,30957.57,30957.57,26982.78240740627,32468.18351943041,
2018-06-27,26496.48,26496.48,26982.78240740627,31864.03098791684,
2018-06-28,32171.97,32171.97,26982.78240740627,30808.416714184496,
2018-06-29,20473.48,20473.48,26982.78240740627,30719.54498212528,
2018-06-30,15379.88,15379.88,26982.78240740627,26178.48921522556,
2018-07-01,24369.47,24369.47,26982.78240740627,26586.932045049474,
2018-07-02,23158.62,23158.62,26982.78240740627,32166.58305252758,
2018-07-03,26307.31,26307.31,26982.78240740627,31602.559929474803,
2018-07-04,35651.65,35651.65,26982.78240740627,31027.53361210907,
2018-07-05,28809.33,28809.33,26982.78240740627,30031.716111888163,
2018-07-06,19005.54,19005.54,26982.78240740627,30031.57122905706,
2018-07-07,9076.56,9076.56,26982.78240740627,25605.62738091624,
2018-07-08,14410.789999999999,14410.79,26982.78240740627,26152.28843958064,
2018-07-09,19564.85,19564.85,26982.78240740627,31889.34135021102,
2018-07-10,18724.57,18724.57,26982.78240740627,31497.44397522175,
2018-07-11,18519.98,18519.98,26982.78240740627,31104.39097867057,
2018-07-12,28891.77,28891.77,26982.78240740627,30295.233372203747,
2018-07-13,27644.23,27644.23,26982.78240740627,30481.12851497928,
2018-07-14,22257.69,22257.69,26982.78240740627,26235.296203402933,
2018-07-15,30037.49,30037.49,26982.78240740627,26950.973037525506,
2018-07-16,31308.29,31308.29,26982.78240740627,32841.06010961767,
2018-07-17,30421.48,30421.48,26982.78240740627,32581.743812827077,
2018-07-18,41193.49,41193.49,26982.78240740627,32296.8841082087,
2018-07-19,38705.58,38705.58,26982.78240740627,31568.242656841077,
2018-07-20,32031.440000000002,32031.44,26982.78240740627,31804.424739592585,
2018-07-21,21113.58,21113.58,26982.78240740627,27576.908150342544,
2018-07-22,27753.420000000002,27753.42,26982.78240740627,28278.049283534783,
2018-07-23,39911.22,39911.22,26982.78240740627,34120.76003300931,
2018-07-24,41525.76,41525.76,26982.78240740627,33782.134445865246,
2018-07-25,40417.5,40417.5,26982.78240740627,33387.819216929856,
2018-07-26,35292.72,35292.72,26982.78240740627,32522.20078576559,
2018-07-27,28371.75,28371.75,26982.78240740627,32597.283917103738,
2018-07-28,25210.12,25210.12,26982.78240740627,28188.63648913091,
2018-07-29,31434.079999999998,31434.08,26982.78240740627,28693.29279299579,
2018-07-30,39070.66,39070.66,26982.78240740627,34329.31153503775,
2018-07-31,45316.28,45316.28,26982.78240740627,33779.270489339186,
2018-08-01,40553.8,40553.8,26982.78240740627,33174.4952426429,
2018-08-02,38462.26,38462.26,26982.78240740627,32105.098419396974,
2018-08-03,42075.18,42075.18,26982.78240740627,31988.70807021361,
2018-08-04,35511.96,35511.96,26982.78240740627,27406.263830645683,
2018-08-05,35583.76,35583.76,26982.78240740627,27759.777016721862,
2018-08-06,56427.39,56427.39,26982.78240740627,33271.75459308264,
2018-08-07,49178.98,49178.98,26982.78240740627,32628.57249034936,
2018-08-08,43333.07,43333.07,26982.78240740627,31964.59893507852,
2018-08-09,40040.28,40040.28,26982.78240740627,30872.147010667624,
2018-08-10,33424.73,33424.73,26982.78240740627,30770.137496079624,
2018-08-11,25960.93,25960.93,26982.78240740627,26239.852424255776,
2018-08-12,31524.21,31524.21,26982.78240740627,26682.67678220065,
2018-08-13,38613.13,38613.13,26982.78240740627,32319.528929825046,
2018-08-14,44192.840000000004,44192.84,26982.78240740627,31834.26522105959,
2018-08-15,45574.04,45574.04,26982.78240740627,31357.85886032431,
2018-08-16,35670.61,35670.61,26982.78240740627,30478.430956392996,
2018-08-17,31730.67,31730.67,26982.78240740627,30610.012968643616,
2018-08-18,24340.95,24340.95,26982.78240740627,26328.41858277352,
2018-08-19,25487.39,25487.39,26982.78240740627,27029.11953941808,
2018-08-20,34479.5,34479.5,26982.78240740627,32926.82267117921,
2018-08-21,26323.06,26323.06,26982.78240740627,32699.029970090607,
2018-08-22,20297.13,20297.13,26982.78240740627,32470.37780767077,
2018-08-23,17030.87,17030.87,26982.78240740627,31822.82920841929,
2018-08-24,9633.61,9633.61,26982.78240740627,32164.59426248019,
2018-08-25,10599.41,10599.41,26982.78240740627,28066.15266144574,
2018-08-26,8070.71,8070.71,26982.78240740627,28918.268987315416,
2018-08-27,5345.91,5345.91,26982.78240740627,34931.69437661282,
2018-08-28,3673.91,3673.91,26982.78240740627,34780.83310113951,
2018-08-29,1546.04,1546.04,26982.78240740627,34588.167345893235,
2018-09-03,145.0,145.0,26982.78240740627,36611.600180431946,
